{
  "train_loss": [
    4.600268046061198,
    4.5891750653584795,
    4.573673407236735,
    4.560911496480306,
    4.531366507212321,
    4.491968154907227,
    4.350419521331787,
    4.1326578458150225,
    4.211985429128011,
    4.108404874801636,
    4.1346728801727295,
    4.12791124979655
  ],
  "val_loss": [
    4.5987725257873535,
    4.592459678649902,
    4.583539009094238,
    4.5696258544921875,
    4.546216011047363,
    4.494663715362549,
    4.4127583503723145,
    4.4368085861206055,
    4.459075927734375,
    4.468395709991455,
    4.47377872467041,
    4.457718372344971
  ],
  "train_perplexity": [
    99.51097106933594,
    98.41322326660156,
    96.8993911743164,
    95.670654296875,
    92.88539123535156,
    89.2970199584961,
    77.51097106933594,
    62.34341049194336,
    67.49041748046875,
    60.84959030151367,
    62.46916961669922,
    62.04817581176758
  ],
  "val_perplexity": [
    99.36227416992188,
    98.73699188232422,
    97.860107421875,
    96.50799560546875,
    94.27499389648438,
    89.53805541992188,
    82.4967041015625,
    84.50482177734375,
    86.40762329101562,
    87.21669006347656,
    87.68743896484375,
    86.2904052734375
  ]
}